{"cameraMode":{"drawMode":0,"name":"Shaded","section":"Shading Mode"},"sceneLighting":false,"audioPlay":false,"sceneViewState":{"m_AlwaysRefresh":true,"showFog":true,"showSkybox":true,"showFlares":true,"showImageEffects":true,"showParticleSystems":true,"showVisualEffectGraphs":true,"m_FxEnabled":true},"in2DMode":false,"pivot":{"x":-92.67568969726563,"y":70.65520477294922,"z":42.873931884765628},"rotation":{"x":-0.7094962000846863,"y":-0.009597478434443474,"z":0.009002475067973137,"w":-0.7046434283256531},"size":78.06182098388672,"orthographic":false}